{
  "BASELINE-TEAL_s0.5": {
    "n_runs": 1,
    "ppl_mean": 22.600842960603885,
    "ppl_std": 0.0,
    "ppl_min": 22.600842960603885,
    "ppl_max": 22.600842960603885,
    "ppl_median": 22.600842960603885
  },
  "UNIF-ALL_s0.5": {
    "n_runs": 1,
    "ppl_mean": 22.382238417458296,
    "ppl_std": 0.0,
    "ppl_min": 22.382238417458296,
    "ppl_max": 22.382238417458296,
    "ppl_median": 22.382238417458296
  },
  "TOP-50_s0.5": {
    "n_runs": 1,
    "ppl_mean": 22.415307465991553,
    "ppl_std": 0.0,
    "ppl_min": 22.415307465991553,
    "ppl_max": 22.415307465991553,
    "ppl_median": 22.415307465991553
  },
  "TOP-75_s0.5": {
    "n_runs": 1,
    "ppl_mean": 22.40979256690116,
    "ppl_std": 0.0,
    "ppl_min": 22.40979256690116,
    "ppl_max": 22.40979256690116,
    "ppl_median": 22.40979256690116
  },
  "BOTTOM-50_s0.5": {
    "n_runs": 1,
    "ppl_mean": 22.46776674389901,
    "ppl_std": 0.0,
    "ppl_min": 22.46776674389901,
    "ppl_max": 22.46776674389901,
    "ppl_median": 22.46776674389901
  },
  "ATTN-ONLY_s0.5": {
    "n_runs": 1,
    "ppl_mean": 21.74705500845024,
    "ppl_std": 0.0,
    "ppl_min": 21.74705500845024,
    "ppl_max": 21.74705500845024,
    "ppl_median": 21.74705500845024
  },
  "BASELINE-TEAL_s0.6": {
    "n_runs": 1,
    "ppl_mean": 23.92858618503477,
    "ppl_std": 0.0,
    "ppl_min": 23.92858618503477,
    "ppl_max": 23.92858618503477,
    "ppl_median": 23.92858618503477
  },
  "UNIF-ALL_s0.6": {
    "n_runs": 1,
    "ppl_mean": 23.39585933284627,
    "ppl_std": 0.0,
    "ppl_min": 23.39585933284627,
    "ppl_max": 23.39585933284627,
    "ppl_median": 23.39585933284627
  },
  "TOP-50_s0.6": {
    "n_runs": 1,
    "ppl_mean": 23.444843810156076,
    "ppl_std": 0.0,
    "ppl_min": 23.444843810156076,
    "ppl_max": 23.444843810156076,
    "ppl_median": 23.444843810156076
  },
  "TOP-75_s0.6": {
    "n_runs": 1,
    "ppl_mean": 23.462156924798638,
    "ppl_std": 0.0,
    "ppl_min": 23.462156924798638,
    "ppl_max": 23.462156924798638,
    "ppl_median": 23.462156924798638
  },
  "BOTTOM-50_s0.6": {
    "n_runs": 1,
    "ppl_mean": 23.61564577212278,
    "ppl_std": 0.0,
    "ppl_min": 23.61564577212278,
    "ppl_max": 23.61564577212278,
    "ppl_median": 23.61564577212278
  },
  "ATTN-ONLY_s0.6": {
    "n_runs": 1,
    "ppl_mean": 21.88663079109268,
    "ppl_std": 0.0,
    "ppl_min": 21.88663079109268,
    "ppl_max": 21.88663079109268,
    "ppl_median": 21.88663079109268
  }
}